isbn13,year
9781501180989,2018
9780575402454,1997
9780385755436,2014
9780143039099,1908
9781846142857,2009
9780142004128,2002
9780624039822,0
9781842125755,1957
9781842126363,1988
9780349123516,1964
9780755301881,2006
9780747577096,2004
9780330487184,1989
9781840142044,1998
,-450
9780671019099,1985
9780743477574,1593
9780140431841,1883
9780099284482,1999
9781842126332,1992
9780060005504,2003
9780007311903,2010
9780752865324,2005
,2016
9780142001745,2001
9781904871118,2003
9780886779757,2001
9780712357456,1940
9780142437261,1850
9780307265432,2006
9780701179793,2006
,2002
9780312278151,2000
9780547577531,2010
9780413634603,1991
9780385339186,1988
,1890
9781594633119,2014
9780141012711,2003
,1982
9781472223708,2015
,2016
,1897
9781858282336,1998
9780380713806,1991
9780140259506,1999
9780140621440,1898
9780671699338,0
,2019
9780141439624,1860
9780140449297,-428
9780743484909,1604
,2014
9781846055744,2011
9780316041256,2009
9780140443073,1822
9780141038117,2009
9780140437522,1867
9780399167645,2015
9780008119188,2019
9780812966299,1885
9781444796261,2016
9780393068009,2009
9780449138243,1977
9780393008517,1960
9780415278805,1970
9780345437082,2001
9780553212945,1598
9780007247721,2008
9780140179651,1997
9780312168582,1980
9780743418171,2002
9780452285484,2003
9780330449601,2008
9780752873107,1986
,2018
9780449219959,1974
9781858686806,1999
9780449016190,1955
9780755385775,2012
9780553582529,2000
9780192839992,1914
,1998
9780307268815,1886
9780812967128,1951
9781849630405,2010
9780743287203,2001
9780802779168,2010
9780744519051,1990
9781439156339,2010
9780747582113,2006
9780374105983,2007
9780375706486,1998
9780425183175,1995
9780008119089,2016
9780571225361,1986
9780306814747,2004
9780552770026,2005
9780340818572,2001
9780751543933,1988
9780340954133,2010
9781250065711,2015
9780099267591,2003
9781447257783,2014
9780747571049,2004
9780747587507,1847
9780552996457,2000
9781409563914,2014
9781860491405,1993
9780571221509,2004
9780571234547,2003
9781784757236,2017
,0
9780330535212,2013
,2015
9781405923583,2013
9780099469254,2007
9780553408157,1993
9780575043244,1987
9780857500090,2002
9780340953440,2005
9780330436434,2005
9780141011271,2003
9780753817599,1998
9781409103394,2010
9780330545167,1997
9780749744717,2000
9780099474135,2004
9780007308972,2009
9780571251872,2010
9781848422438,0
9780743293969,2006
9780704340787,1989
9780140276336,2000
9781847394644,2009
9780749006822,1986
9780140297379,2003
9780140266498,1999
9781405935999,2019
9780552999663,2000
9780552156233,2009
9781419193774,1905
9780747266310,2002
,0
9780751576429,0
9780955138416,2007
9780140432480,1897
9780340682388,2002
9780719569098,2011
9780552999946,2000
9780330418454,2006
9780007161928,2004
9780755325047,2008
9780340938270,2007
9780099288558,1998
9781841957241,2005
9780099458289,2009
9780552776738,1999
9781852424671,2003
9780749396992,1997
9780330356664,1994
9780099504276,2006
9780340938058,2006
9781861056559,2003
9781785032127,0
9780571139613,1981
,1869
9780553825527,2012
9780006541530,1984
,2012
9781408830390,2012
9780330471985,2009
9780099287599,1999
9780006551416,1998
9781780330969,2010
9780007147311,2004
9780340921845,2006
9781157341758,2010
9780452284449,1997
9780099544579,2010
9780007134045,2002
9780752878119,2006
9780007223770,2006
9780552997119,1997
9781407246277,2011
9780747254324,1991
9780285647596,1898
9781847391117,2009
9780060955779,1998
9780571215164,2003
9780571270637,1990
9780751539431,2008
9780553816839,2005
9781905654796,2009
9780749936976,2006
9780140287974,2001
9781905654567,2008
9781509823505,2018
9781409117179,2011
9780753801987,1997
,2002
9780099563693,2012
9781473612280,2015
9780099492481,1982
9780330369954,1997
9780747535218,1997
9780141310787,2001
9781848871960,2009
9780330458030,2009
9780755350575,1999
9780008214036,2018
9780260800701,0
9780141026992,2007
9780007270392,2008
9780340935606,2008
9781904233657,2005
9780099563273,1957
9780743482776,1601
9780753819999,1998
9780099416685,2001
9780753828120,2012
9780749326906,1998
9780241952139,2008
9780141322926,2004
9780752838076,2001
9781845298999,2004
9780753807705,1999
9781409119838,1973
9780141321004,1883
9781844081790,1997
9780140276244,1999
9781849530651,2011
9781845290900,2005
9780755339150,2008
,2013
,2012
9781840225440,1953
,2019
9780857073617,2002
9780552168229,0
9780099464464,2003
9780679723530,1986
9781460929858,2011
9781407234298,0
9781472231765,2015
9780747585893,2007
9780156031660,2004
9780330452502,2011
9781444734218,2012
9780752893761,1995
9780751548358,2012
9780743240024,2005
9780099380115,1993
9780141000213,2001
9780141048703,2010
9780141012476,2003
9780141030012,2007
9781471155055,2016
9780140253580,1995
9781444714500,2010
9780330522243,2011
9780007233694,2008
9780140258424,1998
,0
9780330492911,1996
9780099545682,2010
9781471140525,2015
9780340836828,2004
,0
9781905654581,2009
9781848450677,2012
9780141048994,2011
9780099409878,1999
9780747586098,2007
9780099499350,2004
9780746068397,1967
9781408709979,2018
9781406303940,2005
9780679736875,1991
9780743495721,2005
9780140621594,1807
9780099450030,2002
9780007841479,2004
9781905005451,2008
9780755328222,2010
9781416527886,2007
9780330471886,2009
9780316093576,2011
,2013
9780552776714,1997
9780099488163,2006
9780099595069,2016
,1997
9780752849638,2002
9780099844204,1990
9780007173525,2004
9781444720259,2011
9780263889604,2011
9780671022617,1998
9780099488781,2004
9780006510895,1998
9780340828458,2003
9780007358632,2011
9780007447848,2000
9780743440394,2007
9780099550679,2011
9780141015446,2001
9780349116167,2002
9780007302550,2009
9780007885077,1998
9780099506928,2006
9780006550068,1995
9781101429549,2010
9780099492399,2010
9780140295948,2002
9781847387240,2012
9780330436083,2006
9780141389677,1998
9780778302360,2008
9781857992915,1991
9780349110110,1997
9780099582144,2014
9780755332212,2008
9781898801498,2003
9780099549024,2010
9780349111803,1999
9781501120718,2013
9780746067918,2006
9780552554732,2006
9780755307500,2004
9780099514145,1927
9780552775359,2005
9781444786903,2017
9780340735138,2005
9780720611298,1973
9780316013871,2006
9781844087341,2001
9781847385116,2008
9780553820508,2009
9780141021621,2006
9780751535815,1999
9780552772518,2008
9780755335572,2008
9780141045900,2010
,1861
9780552993838,1987
9780330483858,2001
9780749021313,2017
9780141020525,2005
9781156943137,2010
9780552999571,2002
9781857022421,1993
9781405261166,2011
9781409135364,2011
9780747544203,1999
9780006510307,1998
9780007120123,2003
9780140250886,1995
9780751540352,2007
9781407228051,2005
9780140279252,1999
9781444900644,2010
9780746067949,2005
9780340837276,2003
9780752877228,2000
9781849162647,2010
9780099513995,1961
9780060882143,2007
9780752893440,2007
9781409120421,2011
9780552993937,1990
9780752826073,1998
,1811
9780349115245,2002
9780140436945,1866
9781859580936,0
9781409570509,2013
9780141035895,2012
,2017
9780752893884,2008
9780571215294,2008
9781841958286,2005
9780099502883,2007
9780571221233,2004
9780006552451,2005
9780552773119,2006
9780330420075,2004
9780141021737,2007
9780670920037,2009
9780751552232,2014
9780349115177,2002
9780552146029,2000
9781405929417,0
,2018
9781909489417,2010
9780349108766,0
9780340335017,1982
9780751538755,2008
9780340707623,1905
9780007161935,2007
9780684804101,1996
9780007391554,2011
9780099526193,1932
9780753821787,2007
9780099143611,1992
9780141010328,2004
9781844083305,2008
9780751544039,2012
9781784296315,2015
9780099514633,2009
9780140284461,2002
9780007326709,2012
9780141048659,2010
9780007545360,2014
9780857689429,2005
9780439977784,1985
9780141320939,2007
9781841191249,1999
9780552156707,1968
9780140294668,2001
9781447281528,1945
9780751537611,2007
9780751542691,2010
9780007944545,1965
9780340921371,2006
9780099486886,2005
9780517091265,1993
9780330519021,2010
9780743477116,1597
9780553817676,2009
9781598182033,1817
9780349115214,1993
9780552779838,2015
,0
9780099478461,2007
9780553820430,2008
9780751537444,2006
9780007203307,2006
9780192839930,1593
9780198320043,1595
9780552998628,2000
9781409118305,2010
9780755375639,2013
9781905654789,2008
9780755332953,2008
,2015
9781409103462,1998
9780735102866,1899
9780340530443,1989
9780747586203,2006
9780571222940,2005
9780340951231,2008
9781156884645,2010
9780141029542,2007
9780553820324,2009
9780553507157,2001
9780140123081,1991
9780263887334,2007
9780099512004,1986
9780099481522,2007
9780099505969,2005
9780552162319,2003
9780330487962,1997
9781471161018,2010
9781847399830,2006
,2014
9781843548317,2002
9780297848912,2002
9780751533132,2000
9780316323703,1938
9780805051810,1969
9780340838662,2005
9780340734704,2003
9780753823293,1995
9780007236459,2006
9780552774222,2004
9780857380296,2010
9780140122381,1989
9780749081140,2006
9780141314440,2001
9781406330281,2010
9781444729764,2012
9780752882635,2007
9781405909389,2012
9781848454422,2016
9780241022009,1972
9780349138596,2013
9780552772501,2005
9780753806760,0
9780552550284,2005
9780330330497,0
9780349117324,2003
9780747577065,2004
9780552166157,2017
9780141039237,2008
9781847672490,2002
9781409102465,2011
9780747545187,1973
,0
9781472207487,2011
9780586071113,1988
9780140295900,2001
9780007535798,2016
9780552993692,1989
9780241197387,2017
9781849164177,2011
9781849831420,2012
9780006546689,1991
9780099550051,2010
9780007245147,2007
9780679735908,1990
9780007224937,2006
9780007123018,2000
9781847561206,2009
9780571177554,1995
9781848760059,2008
9780099274445,1998
9781408809839,2010
9780007263783,2008
9780330491617,2003
9780140290653,2000
9781409120483,1990
9780571321964,2019
9780141186818,1963
9781405256582,2011
9780749013165,2012
9780349110851,1998
9780330450133,1989
9780747575528,2004
9780340897966,1995
9780230530737,1998
9780786442652,2009
,1817
9780099505778,2000
9780440241003,2003
9780857502667,2014
9780140120837,1985
9780007271115,2007
9781447203162,2011
9780007281954,2010
9781841957043,2005
9780552991414,1985
9780099638711,1996
9780006548560,1994
9780330511667,2009
9780099272687,1998
9780141038650,2012
9780140065275,1924
9781409163954,2017
9780749012137,2012
9781844086689,2011
9780141389684,1985
9780330457286,2005
9780751547542,2012
9780340956762,2009
9780099283553,2000
9780007263080,2004
9780349117232,2003
9780099513421,2008
9780375761140,1865
9780571201068,1999
9780140295955,2004
9780140295993,2004
9780099437260,2006
9780007192144,2008
9781408821695,2011
9780340933152,2009
9780552775434,2010
9781444706468,2012
9780099574972,2015
9781408802854,2009
9780340843765,2003
9780340825136,2005
9780007170401,2003
9780099507994,2008
9780957544321,2013
9781840247367,2009
9780007126149,2001
9781444724585,2009
9781408827215,2015
9780330351928,1998
9781849012751,2010
9780330376136,2001
9780099445494,2004
9780099512790,2007
,1838
9780349115498,2003
9780330452168,2005
,2015
9780152057169,2006
9781444780475,2013
9780751523898,1999
9780552141574,1995
9780751533989,2005
9780140279412,2003
9781473614550,2015
9780141020839,2007
9780755337033,2005
9780141029061,2003
9780380727506,1995
,1999
9781841491677,2004
9780140620191,1854
9780141041759,2014
9780007489572,2013
9780752893686,2007
9780007388905,2010
9780553507140,2000
9780099272984,2001
9781409103523,2009
,2012
9780099599586,2015
9780340766019,2001
9781873982952,1987
9781416974529,2009
9781842431559,1996
9780571244768,1987
9781905654611,2006
9780751542912,2002
9780099486930,2005
9780571224135,2005
9780593078068,2018
9781905005390,2007
9780571233939,2002
9780141008929,2002
9780552152129,2007
9781157118459,2010
9780330295987,1941
9781406542028,19
9781841493732,2003
9780340835463,2004
9780571212248,1998
9780618154449,2000
9780008286873,2020
9780340718162,1998
9780755301867,2003
9780755328444,2006
9781908248251,2012
9780007940516,2011
9780732296919,1995
9780099268550,1999
9780007119318,1934
9780712357258,1934
9781843446774,2015
9780099493228,1949
9780007120963,1950
9780007112272,2002
9780743482752,1598
9780060858780,2003
9780333437018,1987
9780141038001,2009
9780340718261,1999
9780099286585,1999
9781905005802,2008
9781904442158,2001
9780099538837,2010
9781847562302,2010
9781847561848,2011
9780099527206,1980
9780552990868,1978
9780749909451,2009
9780439963800,2005
9780006531159,1998
9780747542339,1998
9781407109374,2010
9780312349479,2005
9781409148067,2013
9780719569944,2006
9780552171304,2015
9780007494637,2014
9781848663206,2014
9780006514213,2000
9780099588603,1987
9780553409413,1997
9780753812532,1998
9781447250937,2014
9780349113722,2001
9780719561023,2003
9780778304661,2011
9780552144643,1996
9780553813142,2004
9780857503619,2017
9780749079222,2007
9781444900651,2011
9780747561620,2002
9780099440024,2004
9780751537604,2007
9780198326298,2005
9780553212815,1988
9781848500846,2008
9780743450171,2003
9780141030142,2005
9780140284119,1999
9780751547870,2012
9781509841387,2018
9781905636150,2008
9780719568374,2006
9781471124594,2015
9780718177027,2012
9780451528919,1899
9780340766057,1999
9781908435132,2009
9780552771627,2005
9780099675402,1989
9781905654772,2007
9781842126257,1940
9780385311298,1969
9780192805621,1848
9780751537086,2007
9780340838853,2006
,1933
9781905654314,2007
9780099435112,1995
9780141439808,1814
9780552771641,2003
9780747264286,2002
9780007944552,1967
9780007201075,2007
9780099532040,2007
9780007944569,1966
9780006498032,1999
9780263890341,1986
9780753821732,2006
9781472218469,0
9780553575644,1999
9781848540316,2008
9781409562689,2013
9780330418362,1999
9780743462266,2003
9780743450188,2005
9781844880515,2006
9780340712689,2000
9780330485388,2002
9780330453585,2008
9780571192229,1997
9780330280242,1971
9780752826059,1998
9780349122120,1962
9780752865454,2004
9780140101904,1986
9780141010458,2004
9780340793565,0
9780007180363,2005
9780141035574,2009
9780552773645,2006
9780007255825,2008
9781849837125,2012
9780552149525,2009
9780752444680,1968
9780571219049,2006
9781447209515,2012
9780099550525,2011
9781780878362,2011
9781787461932,2020
,2013
9781551111728,1900
9780340829318,1997
9780340748787,1999
9781509889600,2019
9781843548348,2009
9780552773157,2007
9781784292102,0
9780007208937,2005
9781849833448,2011
9780747564133,2002
9781444710939,2006
9780330282567,1983
9780751550405,2011
9781444729726,2011
9780749931674,1999
9780752845982,2004
9781409116905,2005
,2012
9780755399079,0
9780349118567,2004
9781784161064,2012
9781841953922,2001
9780141021720,2005
9781472205995,2015
9780007196951,2004
9780552772686,1999
9780719566455,2003
9781405919210,2015
9781846881916,1987
9781906727079,2009
9780007240401,2008
9780099548973,2009
9780749398194,1991
9780099589006,1987
9780099509684,2009
9780330287708,1982
9780099504269,2006
9780747585992,2006
9780749009243,2011
9780747256144,1997
9781409147558,2017
9780008303426,2019
9781471133077,2017
9780571229703,2009
9780349113609,2001
9780552551465,2006
9780006510215,1998
9780330489676,1996
9781447277538,2016
9780340961643,2008
9780571195640,1998
9780099256410,2012
9781857027051,1997
9780141037196,1939
9780140299595,2002
9780099534549,2008
9780099565741,2011
9780141310282,2001
9781847394668,2011
9780099479413,1995
9780752877327,2005
9780552999090,2000
9780140266450,1997
9781841495453,1998
9780575080331,2004
9780006545064,1991
9780751529692,2000
9780755358427,2010
9780349113852,2000
9781471161032,2012
9780752439464,1969
9780330426756,2005
9781509820832,2016
9780755342150,1987
9780446696883,1999
9780747264989,2001
9780330441506,2004
9780752859224,2004
9780141048598,2010
9781907410321,2010
9780755333714,2006
9781848450882,1992
9780349120447,2006
9780007285976,2011
9780198320272,1599
9781594484773,2009
,2013
9780330509268,2010
9781901285505,1937
9780747579885,2004
9780007482146,2005
9780140276909,2001
9780142437209,1847
9780141020266,2004
9780755306961,2003
9781409180784,0
9780747255512,1999
9780755309511,2005
9781416511663,2005
9780749396664,1994
9780099509325,2007
9780857073600,2007
9780552563819,2011
9780007173549,2006
,2013
9780330303095,1987
9780755331420,2006
9780552999281,2001
9781841156590,2001
9780747571148,2004
9780007151455,2005
9780061851742,2008
9780061670855,2008
9780140124378,1989
9780330445214,2008
9780140282085,2002
9780007271849,2008
9780099555452,2010
9780006511915,1998
9781447231233,2014
9780552774185,2008
9780743415668,2002
9780141043203,2011
9780571244072,2008
9781849161930,2009
9780747561576,2002
9780552775458,2009
9780751539820,2010
9780553813371,2001
9780747578864,2005
9780752445649,1957
9780099514596,2009
9781471132865,2014
9781400075638,2001
,2005
9780751541236,2005
9780241984659,2020
9780099414933,2002
9780751548655,2015
9780099439745,1948
9780141330860,2010
9781405911665,2013
9781447265948,1992
9780765349132,2004
9781905654574,2009
9780007141784,2004
9781407109084,2008
9781843913726,2009
9780752893198,2007
9780751542301,2009
9781471130793,2016
9780747259732,1998
9780140250831,1997
9780751551693,2012
9780330481243,2003
9781786482136,2011
9780330448444,2006
9780099283140,1999
9780340751787,2000
9781841157832,1998
9780747265412,2002
9780552151467,2004
9780007198450,2006
9780755338986,1996
9780670921164,2011
9780340750537,2000
9780330439428,2004
9780007180356,2006
9780099502449,2007
9780743262569,2003
9780099552741,2011
9780141019970,2005
9781859836125,2008
9780575400184,1995
9780330480413,2000
9780140246896,1992
9780755336746,2006
9780553825169,2011
9780297994282,1972
9780333397701,1986
9780141039282,2009
9780751532838,2002
9781408309551,2010
9780749938543,2007
9780140256925,1996
9780230711259,2010
9780751535501,2003
9781857024043,1988
9781509851263,2018
9780099556022,2008
9780340748800,2001
9780751531916,2002
9780007242207,2004
9780747260752,2002
9780340953679,2010
9780425202784,2004
9780749040192,2007
9788129135728,2014
9780006499176,1973
9781784700201,2019
9780099469391,1996
9780099534846,1970
9780755374564,2013
9781741758955,2008
9780330460668,2008
9780330534413,2011
9781400044948,2003
9781841497587,2011
9780140231663,1993
9781784296551,2018
9780751536607,2005
9780060830748,1977
9780192833594,1860
9780140268003,1997
9780330412735,2003
9780747267522,2015
9780099778011,1997
9780751539813,2008
9780751540307,2010
9780552154765,2008
9781472200976,2014
9780751534849,2001
9780349120751,1981
9780751544978,2011
9781780331393,2012
9780553824698,2009
9780586089231,1962
,2012
9780755373611,1994
9780099414650,2000
9780340896686,2005
9780749309466,1969
9780749953898,2010
9780330535588,2011
9780552143288,1969
9780006514091,2000
9780749079512,2006
9781405940962,2020
9781845292348,2005
9780140278828,1998
9781416917328,2006
9781847245458,2005
9781784161750,2015
9780192792792,2012
9781849163422,2006
9780857204066,2012
9780099428039,2000
9780552770873,2002
9781786480262,2017
9780330292238,1984
9780330543439,2012
9781406326086,2008
9780099527497,2007
9781860396380,1998
9780141017907,2004
9780140236286,1995
9780007218646,1991
9781905847891,2009
9780752841434,2002
9780099535621,2010
9780099791201,1991
9780571238576,2007
9780747570639,2003
9780140166033,1991
9781847671691,2008
9781905636471,2009
9780747565659,2004
9780007448036,1996
9780701168209,1997
9780140290660,2001
9781447254898,2014
9780006511922,0
9780751540031,2010
9780751544954,2010
9781844880683,2006
9780553815931,2005
9780241004128,2015
9780099737612,1969
9781471131981,2008
9780099492337,2006
9780007269761,2010
9780340793893,2001
9780141021317,1973
9780766040847,2009
,0
9781847562074,2011
9780007267194,2009
9780099538592,2008
9780008164102,2016
9780552771092,2001
9780752838120,2001
9780349114033,2000
9781838771409,2020
9780593060230,2008
9780330374392,2001
9780330375115,1999
9780349112763,1999
9780552167109,2014
9780007331741,2010
9781444761030,1992
9780751537505,2006
9780755321698,2006
9780099418351,1978
9780751535693,2004
9780340936870,2008
9780330335270,1993
9780670829149,1989
9781844080021,2003
9780552998833,2001
9780007174829,2004
9781857236804,1993
9780312997120,1984
9781909489622,2014
9781101057025,2002
9781529004328,2020
9780140271782,2000
9780007266494,2008
9780099579939,2011
9780099579946,2012
9780099579922,2011
9781849164146,2010
9780007672431,1989
9780141345659,2012
9780140097665,1929
9780006479727,1994
9780099539438,2009
9781447263227,2013
9780099464747,2001
9780007151240,2004
9780141041223,2009
9781471113369,2013
9780007108268,2001
9780099550266,2011
9781847561657,2009
9780552150699,2004
9780140168785,1993
9781848637061,2012
9780749315184,1993
9780571328161,2016
9780755371211,2009
9780007182657,2005
9780349108704,1996
9780099537960,2010
9781857024180,1997
9780349102146,1987
9780007442461,2011
9780099992004,1995
9780751551778,2013
9781447277415,2017
9781849830799,2010
9780099421924,2008
9780747568339,2003
9780230704138,2008
9780099588702,1987
9780552997348,2000
9780141439587,1815
9780778303725,2004
9780330507523,2009
9780864923158,2003
,1987
9780385721578,1991
9780007166046,2003
9780099448754,1993
9780007151431,2003
9780008172145,2017
9781847440075,2007
9782879291529,1996
9780857500083,2001
9780954886400,1984
9781409102519,2007
9780751509922,1998
9781472218391,2003
9780552999977,2003
9780552994958,1992
9780747264651,2000
9781409136309,2011
9780747568070,2003
9781846689949,2000
9780349100371,1987
9780099284581,2002
9780752882390,2007
9780140087208,1985
9781907411182,2011
9780393970128,1897
9781902638379,2004
9780552997034,2000
9780755349418,2007
9780099465027,2004
9780140297409,2002
9780755313051,2004
9780140424522,1819
9781151320308,2009
9781529002430,2019
9781846073045,2006
9781846073069,2006
9781846072987,2005
9780563405634,1998
9781846073007,2005
9781846072970,2005
9781846073014,2005
,0
9780778303633,2007
9780006513988,2000
9781857988727,1998
9780099592471,2015
9780099449287,2003
9780007228621,2005
9780099289647,2000
9780099546764,2003
9780751552034,2013
9781780332550,1998
9780571242474,2009
9780141325873,2009
9780007273973,2010
9780140325003,1978
9780007528400,2013
9780007265237,2007
9780316012386,2005
9781447281535,1946
9780099556497,1997
9780192757159,2012
,2012
9780751510355,1995
9780755376636,2010
9780755334612,2006
9780007194865,2007
9780753820971,1998
,1932
9780330519908,1996
9780099546849,1934
9780330519663,2004
9780755342167,1989
9781909489424,2011
9781509853922,2018
9780141035703,2008
9780751547962,2011
9780575089365,2001
9780715642962,2012
9780330515566,2011
9780749079864,2007
9780241981740,2018
9780349116648,2002
,1850
9781847398529,2010
9780007346158,2011
9781416989561,1991
9780898865905,1997
9780671028855,2001
9781857973594,1994
9780330470483,2009
9781841491097,2001
9781474601573,2000
9780061092084,1995
9780007466078,2011
9780007466061,2011
9781592243006,1878
9781849837071,2013
9780749321505,1991
9780007121120,1975
9780978379391,2009
9780099450252,2003
9780751539691,2003
9780755301928,2003
9780571218363,2004
9780582077874,1948
9781471147029,1982
9780349103235,1992
9780099429326,2002
9780755381289,2006
9780753813317,1973
9781847678935,2002
9781907595226,2010
9780349000275,2011
9780099444886,2002
9781848450967,2011
9780752844732,2001
9780755300709,2002
9780778322696,2006
9780751551754,2014
9780749732684,2000
9780312286255,1996
9781447281078,2016
9780099531920,2008
9781857231380,1987
9780192836540,0
9780099501473,2007
9780349105710,1993
9780571223992,2004
,1904
9780586060537,1982
9781408809457,2009
9781902602370,0
9780007172474,2004
9780099563280,1937
9780007201570,2007
9780099279280,1999
9781857239577,1998
9781843548553,1829
9780140185898,1951
9780340680599,1997
9780575084292,2009
9780552776745,2000
9780751541267,2009
9780340822784,2004
9780553507133,1999
9780007205585,1999
9780099469605,1972
9780330544313,2013
9780749386306,2003
9780143418931,2012
9780340881545,2004
9780007447831,1998
9780140156676,1988
9780553409468,1999
9780340820285,2001
9781471138492,2014
9780330488051,2001
9780099550549,2011
9780760775004,1861
9780007342600,2010
9780751539684,2004
9780751560237,2016
9780552998482,1999
9780141304878,1999
9780747568223,1984
9780330440318,2006
9781784299521,2012
9780752882833,2008
9780747545392,1998
9780297994275,1972
9781408803899,2007
9780349120591,1998
9780007326662,2011
9781848270503,2009
9780571234196,2006
9780140275599,1998
9781416901358,2004
9780575079731,2001
9780751544688,1996
9781409117209,2010
9780007327812,2012
9781407109367,2009
9780007460700,2011
9780099278351,1999
9780751552867,2012
9780746060605,1966
9780316010702,2004
9781472223210,2016
9780670918447,2010
9780340978368,2008
9781444786958,2018
9780061671357,2009
9780140430868,1865
9780552994910,1984
9780751545586,2013
9781587263897,1991
9780553813500,2002
9780330397964,1992
9781409145660,2014
2940012598202,2010
9780571142743,1990
9780552160384,2008
9780141041742,2009
9780006386926,1995
9780340993705,2008
9780099509769,2010
9780007301560,2009
9780141028675,2009
9780006541738,1984
9780330367356,1999
9780099584438,2013
9780330332774,1996
9780552771153,2003
9781842555590,2006
9780752843391,1996
9780099431411,1994
9781848454996,2017
9781409102038,2008
9780385619301,2010
9780007114641,2003
9781785030789,2015
9780746060360,2004
9780099414827,2001
9781409117834,2010
9780749942229,2009
9780007137237,2000
9781844080472,2002
9780704339910,1984
9780751534054,2007
9780746060384,1964
9781405913164,2012
9780141014548,2006
9781473641990,2019
9781780332499,2009
9780752883960,2009
9780349119014,2007
9780099429142,2001
9781905654741,2006
9780099556756,2011
9781907410208,2010
9780749010577,2011
9781847382757,2008
9780349418926,2008
9780099524236,2007
9780349113302,1980
9780143037613,1853
9781416532255,2007
9781849163866,2011
9780349114774,2000
9781474601764,2011
9780091869922,2001
9781405919326,2015
9780671018054,1985
9781781855645,2013
9780571177523,1995
9780749020422,2016
9781844080359,2003
9780099387916,1993
9781844080878,1952
9780553820461,1999
9780860680567,1987
9780008272142,2019
9781841152691,2000
9780571195657,1998
9780743440127,2000
9780586041413,1972
9780140124385,1990
9781905654321,2007
9780006496731,1996
9780552998444,2001
9780141016542,2004
9780751531282,2002
9780141013947,2004
9780099433316,1994
9781841155838,2001
9780312275426,1999
9780141331355,2011
9780099586456,2014
9780552164139,2011
9781408809136,2010
9780749936778,2005
9781405910231,2012
9781852426651,2002
9780140291131,2000
9780747261308,2000
9780751540550,2007
9780747266761,2001
9781471149290,2016
9780007344024,2012
9780340829059,2004
9780099435440,2002
9780752881423,2007
9780099513384,2008
9780099507383,2001
9780755301942,2004
9781842552001,2001
9780330447836,2010
9781857993745,1995
,1903
9780747561552,2002
9780743484862,1599
9780099492733,2005
9780099481898,2005
9781854879745,1992
9780552770897,2004
9780002256889,1998
9780553409444,1993
9780141019376,2006
9780141009285,2002
9781416502456,2007
9780006548768,1997
9780451526342,1945
9780552159708,2000
9781409521969,2010
9781408842454,2012
9780571151905,1986
9780340938041,2007
9781848452039,2012
9780099469599,2004
9780007268627,2004
9780007432325,1993
9780330419789,2005
9780552771863,2005
9780007118144,2003
9781451541175,2010
9781841492292,2004
9780330391719,1998
9780330391702,1998
9780552771160,2006
9780064402095,1977
9781509800223,2017
9780099461777,2007
9781474924153,2017
9780747268161,2000
9781405909075,2015
9781471143366,2010
9780553825503,2011
9780141034737,2009
9780141015880,2004
9781406323016,2008
9780747579410,2005
9780349114477,2001
9780141010397,2005
9780718157555,2013
9781447240952,0
9780340832905,2003
9780743483759,2004
9780743477635,2003
9780099479048,2005
9780099492382,2009
9780552774987,2008
9780552992084,1974
